{
  "format_version": "1.21.40",
  "minecraft:atmosphere_settings": {
    "description": {
      "identifier": "Yugen:default_atmospherics"
    },
    "horizon_blend_stops": {
      "min": {
        "0.0": 0.07,
        "0.1962499916553497": 0.08,
        "0.25": 0.18,
        "0.34": 0.0,
        "0.6": 0.0,
        "0.6750000119209290": 0.0,
        "0.7487499713897705": 0.18,
        "0.8174999952316284": 0.08
      },
      "start": {
        "0.0": 0.28,
        "0.1962499916553497": 0.25,
        "0.25": 0.25,
        "0.34": 0.0,
        "0.6": 0.0,
        "0.6750000119209290": 0.0,
        "0.7487499713897705": 0.25,
        "0.8174999952316284": 0.25
      },
      "mie_start": {
        "0.0": 0.9,
        "0.1962499916553497": 0.9,
        "0.25": 0.9,
        "0.34": 0.9,
        "0.6": 0.9,
        "0.6750000119209290": 0.9,
        "0.7487499713897705": 0.9,
        "0.8174999952316284": 0.9
      },
      "max": {
        "0.0": 0.18,
        "0.1962499916553497": 0.19,
        "0.25": 0.18,
        "0.34": 0.95,
        "0.6": 0.95,
        "0.6750000119209290": 0.95,
        "0.7487499713897705": 0.18,
        "0.8174999952316284": 0.19
      }
    },
    "rayleigh_strength": {
      "0.0": 1.1,
      "0.19": 1.1,
      "0.25": 0.9,
      "0.3": 0.6,
      "0.3249999880790710": 0.6,
      "0.6": 0.55,
      "0.7074999809265137": 0.65,
      "0.75": 0.9,
      "0.81": 1.1
    },
    "sun_mie_strength": {
      "0.0": 2.8,
      "0.19": 2.3,
      "0.25": 0.8,
      "0.3": 0.0,
      "0.6": 0.0,
      "0.75": 0.8,
      "0.81": 2.8
    },
    "moon_mie_strength": {
      "0.0": 0.1,
      "0.3": 0.2,
      "0.6": 0.2,
      "0.75": 0.1,
      "0.81": 0.0
    },
    "sun_glare_shape": {
      "0.0": 1.0,
      "0.3": 1.0,
      "0.6": 1.0,
      "0.81": 1.0
    },
    "sky_zenith_color": {
      "0.0": [100, 115, 170],
      "0.19": [100, 115, 170],
      "0.22": [100, 115, 170],
      "0.25": [85, 93, 135],
      "0.3": [20, 40, 48],
      "0.5": [20, 40, 48],
      "0.6": [20, 40, 48],
      "0.75": [85, 93, 135],
      "0.78": [100, 115, 170],
      "0.81": [100, 115, 170]
    },
    "sky_horizon_color": {
      "0.0": [250, 250, 250],
      "0.19": [250, 250, 250],
      "0.25": [215, 65, 0],
      "0.305": [215, 85, 0],
      "0.35": [50, 0, 24],
      "0.5": [50, 0, 24],
      "0.6": [50, 0, 24],
      "0.75": [215, 65, 0],
      "0.81": [250, 250, 250]
    }
  }
}
